{
	"info": {
		"_postman_id": "49b7d341-08b1-4915-8a6a-e379d517b50e",
		"name": "UserService",
		"schema": "https://schema.getpostman.com/json/collection/v2.1.0/collection.json",
		"_exporter_id": "50745924",
		"_collection_link": "https://patlakrz-8582880.postman.co/workspace/Krzysztof-Patla's-Workspace~32be378e-c917-4a2e-850d-580e2a51c76a/collection/50745924-49b7d341-08b1-4915-8a6a-e379d517b50e?action=share&source=collection_link&creator=50745924"
	},
	"item": [
		{
			"name": "POST register",
			"request": {
				"auth": {
					"type": "noauth"
				},
				"method": "POST",
				"header": [],
				"body": {
					"mode": "raw",
					"raw": "{\r\n  \"email\": \"test@test.com\",\r\n  \"password\": \"1234\"\r\n}",
					"options": {
						"raw": {
							"language": "json"
						}
					}
				},
				"url": {
					"raw": "http://localhost:3003/api/register",
					"protocol": "http",
					"host": [
						"localhost"
					],
					"port": "3003",
					"path": [
						"api",
						"register"
					]
				}
			},
			"response": []
		},
		{
			"name": "POST login",
			"request": {
				"auth": {
					"type": "noauth"
				},
				"method": "POST",
				"header": [],
				"body": {
					"mode": "raw",
					"raw": "{\r\n  \"email\": \"test@test.com\",\r\n  \"password\": \"1234\"\r\n}",
					"options": {
						"raw": {
							"language": "json"
						}
					}
				},
				"url": {
					"raw": "http://localhost:3003/api/login",
					"protocol": "http",
					"host": [
						"localhost"
					],
					"port": "3003",
					"path": [
						"api",
						"login"
					]
				}
			},
			"response": []
		}
	],
	"event": [
		{
			"listen": "prerequest",
			"script": {
				"type": "text/javascript",
				"packages": {},
				"requests": {},
				"exec": [
					""
				]
			}
		},
		{
			"listen": "test",
			"script": {
				"type": "text/javascript",
				"packages": {},
				"requests": {},
				"exec": [
					""
				]
			}
		}
	],
	"variable": [
		{
			"key": "token",
			"value": "",
			"type": "default"
		}
	]
}