{
	"info": {
		"_postman_id": "be8fb65a-b5ff-4ee7-b7eb-e5d80008821d",
		"name": "BooksService",
		"schema": "https://schema.getpostman.com/json/collection/v2.1.0/collection.json",
		"_exporter_id": "50745924",
		"_collection_link": "https://patlakrz-8582880.postman.co/workspace/Krzysztof-Patla's-Workspace~32be378e-c917-4a2e-850d-580e2a51c76a/collection/50745924-be8fb65a-b5ff-4ee7-b7eb-e5d80008821d?action=share&source=collection_link&creator=50745924"
	},
	"item": [
		{
			"name": "POST login",
			"request": {
				"auth": {
					"type": "noauth"
				},
				"method": "POST",
				"header": [],
				"body": {
					"mode": "raw",
					"raw": "{\r\n  \"email\": \"test@test.com\"\r\n}",
					"options": {
						"raw": {
							"language": "json"
						}
					}
				},
				"url": {
					"raw": "http://localhost:3001/api/login",
					"protocol": "http",
					"host": [
						"localhost"
					],
					"port": "3001",
					"path": [
						"api",
						"login"
					]
				}
			},
			"response": []
		},
		{
			"name": "POST books",
			"request": {
				"auth": {
					"type": "bearer",
					"bearer": [
						{
							"key": "token",
							"value": "{{token}}",
							"type": "string"
						}
					]
				},
				"method": "POST",
				"header": [],
				"body": {
					"mode": "raw",
					"raw": "{\r\n  \"title\": \"Pan Tadeusz\",\r\n  \"author\": \"Adam Mickiewicz\",\r\n  \"year\": 1834\r\n}",
					"options": {
						"raw": {
							"language": "json"
						}
					}
				},
				"url": {
					"raw": "http://localhost:3001/api/books",
					"protocol": "http",
					"host": [
						"localhost"
					],
					"port": "3001",
					"path": [
						"api",
						"books"
					]
				}
			},
			"response": []
		},
		{
			"name": "GET books",
			"request": {
				"auth": {
					"type": "noauth"
				},
				"method": "GET",
				"header": [],
				"url": {
					"raw": "http://localhost:3001/api/books",
					"protocol": "http",
					"host": [
						"localhost"
					],
					"port": "3001",
					"path": [
						"api",
						"books"
					]
				}
			},
			"response": []
		},
		{
			"name": "GET one book",
			"request": {
				"auth": {
					"type": "noauth"
				},
				"method": "GET",
				"header": [],
				"url": {
					"raw": "http://localhost:3001/api/books/2",
					"protocol": "http",
					"host": [
						"localhost"
					],
					"port": "3001",
					"path": [
						"api",
						"books",
						"2"
					]
				}
			},
			"response": []
		},
		{
			"name": "DELETE one book",
			"request": {
				"auth": {
					"type": "bearer",
					"bearer": [
						{
							"key": "token",
							"value": "{{token}}",
							"type": "string"
						}
					]
				},
				"method": "DELETE",
				"header": [],
				"body": {
					"mode": "raw",
					"raw": "{\r\n  \"title\": \"Pan Tadeusz\",\r\n  \"author\": \"Adam Mickiewicz\",\r\n  \"year\": 1834\r\n}"
				},
				"url": {
					"raw": "http://localhost:3001/api/books/2",
					"protocol": "http",
					"host": [
						"localhost"
					],
					"port": "3001",
					"path": [
						"api",
						"books",
						"2"
					]
				}
			},
			"response": []
		}
	],
	"event": [
		{
			"listen": "prerequest",
			"script": {
				"type": "text/javascript",
				"packages": {},
				"requests": {},
				"exec": [
					""
				]
			}
		},
		{
			"listen": "test",
			"script": {
				"type": "text/javascript",
				"packages": {},
				"requests": {},
				"exec": [
					""
				]
			}
		}
	],
	"variable": [
		{
			"key": "token",
			"value": ""
		}
	]
}