{
	"info": {
		"_postman_id": "d3a6f9b8-123d-4b34-8f2e-9673f1964fcf",
		"name": "OrdersService",
		"schema": "https://schema.getpostman.com/json/collection/v2.1.0/collection.json",
		"_exporter_id": "50745924",
		"_collection_link": "https://patlakrz-8582880.postman.co/workspace/Krzysztof-Patla's-Workspace~32be378e-c917-4a2e-850d-580e2a51c76a/collection/50745924-d3a6f9b8-123d-4b34-8f2e-9673f1964fcf?action=share&source=collection_link&creator=50745924"
	},
	"item": [
		{
			"name": "POST login",
			"request": {
				"auth": {
					"type": "noauth"
				},
				"method": "POST",
				"header": [],
				"body": {
					"mode": "raw",
					"raw": "{\r\n  \"email\": \"test@test.com\"\r\n}",
					"options": {
						"raw": {
							"language": "json"
						}
					}
				},
				"url": {
					"raw": "http://localhost:3002/api/login",
					"protocol": "http",
					"host": [
						"localhost"
					],
					"port": "3002",
					"path": [
						"api",
						"login"
					]
				}
			},
			"response": []
		},
		{
			"name": "POST order",
			"request": {
				"auth": {
					"type": "bearer",
					"bearer": [
						{
							"key": "token",
							"value": "{{token}}",
							"type": "string"
						}
					]
				},
				"method": "POST",
				"header": [],
				"body": {
					"mode": "raw",
					"raw": "{\r\n  \"userId\": 1,\r\n  \"bookId\": 1,\r\n  \"quantity\": 2\r\n}",
					"options": {
						"raw": {
							"language": "json"
						}
					}
				},
				"url": {
					"raw": "http://localhost:3002/api/orders",
					"protocol": "http",
					"host": [
						"localhost"
					],
					"port": "3002",
					"path": [
						"api",
						"orders"
					]
				}
			},
			"response": []
		},
		{
			"name": "GET user orders",
			"request": {
				"auth": {
					"type": "noauth"
				},
				"method": "GET",
				"header": [],
				"url": {
					"raw": "http://localhost:3002/api/orders/1",
					"protocol": "http",
					"host": [
						"localhost"
					],
					"port": "3002",
					"path": [
						"api",
						"orders",
						"1"
					]
				}
			},
			"response": []
		},
		{
			"name": "PATCH order",
			"request": {
				"auth": {
					"type": "bearer",
					"bearer": [
						{
							"key": "token",
							"value": "{{token}}",
							"type": "string"
						}
					]
				},
				"method": "PATCH",
				"header": [],
				"body": {
					"mode": "raw",
					"raw": "{\r\n  \"quantity\": 10\r\n}",
					"options": {
						"raw": {
							"language": "json"
						}
					}
				},
				"url": {
					"raw": "http://localhost:3002/api/orders/1",
					"protocol": "http",
					"host": [
						"localhost"
					],
					"port": "3002",
					"path": [
						"api",
						"orders",
						"1"
					]
				}
			},
			"response": []
		},
		{
			"name": "DELETE order",
			"request": {
				"auth": {
					"type": "bearer",
					"bearer": [
						{
							"key": "token",
							"value": "{{token}}",
							"type": "string"
						}
					]
				},
				"method": "DELETE",
				"header": [],
				"url": {
					"raw": "http://localhost:3002/api/orders/1",
					"protocol": "http",
					"host": [
						"localhost"
					],
					"port": "3002",
					"path": [
						"api",
						"orders",
						"1"
					]
				}
			},
			"response": []
		}
	],
	"event": [
		{
			"listen": "prerequest",
			"script": {
				"type": "text/javascript",
				"packages": {},
				"requests": {},
				"exec": [
					""
				]
			}
		},
		{
			"listen": "test",
			"script": {
				"type": "text/javascript",
				"packages": {},
				"requests": {},
				"exec": [
					""
				]
			}
		}
	],
	"variable": [
		{
			"key": "token",
			"value": ""
		}
	]
}